{"cameraMode":{"drawMode":0,"name":"Shaded","section":"Shading Mode"},"sceneLighting":true,"audioPlay":false,"sceneViewState":{"showFog":true,"showMaterialUpdate":false,"showSkybox":true,"showFlares":true,"showImageEffects":true,"showParticleSystems":true,"showVisualEffectGraphs":true,"m_FxEnabled":true},"in2DMode":false,"pivot":{"x":-3.505664825439453,"y":4.781952857971191,"z":-15.382394790649414},"rotation":{"x":-0.000785154988989234,"y":0.9986537098884583,"z":-0.05735993757843971,"w":0.027784086763858796},"size":7.441781997680664,"orthographic":false}